molecule,Gap_PBE,avgoccupied(eV-1),avgempty(eV-1),countocc,countempty,HOMO-(HOMO-1),HOMO-(HOMO-2),HOMO-(HOMO-3),HOMO-(HOMO-4),HOMO-(HOMO-5),HOMO-(HOMO-6),inv(HOMO-(HOMO-1)),inv(HOMO-(HOMO-2)),inv(HOMO-(HOMO-3)),inv(HOMO-(HOMO-4)),inv(HOMO-(HOMO-5)),inv(HOMO-(HOMO-6)),(LUMO+1)-LUMO,(LUMO+2)-LUMO,(LUMO+3)-LUMO,(LUMO+4)-LUMO,(LUMO+5)-LUMO,(LUMO+6)-LUMO,inv((LUMO+1)-LUMO),inv((LUMO+2)-LUMO),inv((LUMO+3)-LUMO),inv((LUMO+4)-LUMO),inv((LUMO+5)-LUMO),inv((LUMO+6)-LUMO),inv(LUMO-(HOMO-1)),inv(LUMO-(HOMO-2)),inv((LUMO+1)-HOMO),inv((LUMO+2)-HOMO),ElecEigvalMean,ElecEigvalVariance,ElecEigvalSkewness,ElecEigvalKurtosis
my_fullerene,1592.5620814679282,-0.20431329298391263,0.4100641591175355,120,20,0.0,0.0,0.0,0.0,1.155165242428404,1.1564626609197985,0,0,0,0,0.8656770159546927,0.8647058256119093,0.0,0.0,1.1154392267550028,1.1177032349361398,1.1205368171743166,1.9526412845743104,0,0,0.8965078293948523,0.8946918723529822,0.8924294005097689,0.5121268345086778,0.6279190065094731,0.6279190065094731,0.6279190065094731,0.6279190065094731,-7.810764028771646,26.528710152828626,-0.4924207134707454,2.0927568836366297
